{"distortion_coefficients": [1, 5, -0.02242769366418539, 1.742148608930919, 0.001217049112527243, 3.3255338926280005e-05, -7.773510991176002], "rectify_alpha": 1.0, "camera_matrix": [3, 3, 1720.54495296726, 0.0, 569.1529428208454, 0.0, 1599.48753787999, 403.98769979587723, 0.0, 0.0, 1.0]}