{
  "distortion_coefficients": [
    1,
    5,
    -0.07990730233002873,
    0.0013653774525200688,
    0.001520301950919511,
    0.007626251321140923,
    -4.531242230329939e-06
  ],
  "camera_matrix": [
    3,
    3,
    313.6171753695029,
    0.0,
    319.5003554236186,
    0.0,
    686.3430632600815,
    239.50018670388232,
    0.0,
    0.0,
    1.0
  ],
  "rectify_alpha": 1.0
}