{
  "distortion_coefficients": [
    1,
    5,
    -0.0671428085094585,
    0.00114480122580126,
    2.979635077615843e-05,
    0.010592517525907256,
    -5.176339295471285e-06
  ],
  "camera_matrix": [
    3,
    3,
    242.17716883474986,
    0.0,
    319.5020824472974,
    0.0,
    19475.516544811566,
    239.49921667952714,
    0.0,
    0.0,
    1.0
  ],
  "rectify_alpha": 1.0
}