{"CAMERAMATRIX": [3, 3, 4270.467437348848, 0.0, 600.0, 0.0, 4298.378989226945, 800.0, 0.0, 0.0, 1.0], "CAMERAINDEX": 1, "DATASET": ["cf5478f50add44d3a1d8da2011cc8c4c", "afb4c63e43b84995ba495f9039b8ae6c", "43b13971e260430b94c3f209d97934bb", "d0ea44c5656c41429b280e3540456e6a", "324c491903904033b97cd4d4f8365395", "181402666f314c69b155056091d5e12d", "80af86d2d4df44ed9b508a60931edd2f", "cd383378017b40a499393575d64dc59c", "bcaeefa7a65a49199eb00a16e1d98e80", "ce5eeaab59a34a948287f9ad49c63e1c", "f3c7c714cfbd42db83aaf3358bb80591", "a1ad91fc410e49ae935df88af767e1d8", "8ffa610645094e2883398c3083cf393f", "438aaea63d844dfea31f9ddcec01f2b3", "a04be02a4f0d4ce3b74ced2a093de890", "c96ff9e1686a45e68a41e426a91871cb", "848b61c586cc45f5af0e867bfcda9d02", "f5be13ccb11d4dd4b2b813954e07fd76", "e3e6998e83354fab9e1b9ac9746ccdc8", "fa08e64666b54377806ca3db2d5c346c", "9cacfc6b84834cce86d6ea16d4f02098", "b697e6943dd44653984f45b20d101f92", "b4cab40613b34955a44091838ea50117", "9ef007dde1df4d65b8c196803c0b80fa"], "ID": "6aaf152653464f389aa38bb3f2be1f34", "REPROJECTIONERROR": 0.05211644504165231, "DISTORTIONCOEFFICIENTS": [1, 5, -0.7101021218141004, 30.738830810072947, 0.12163527110489357, 0.02359577532874219, -216.41814815357506], "MATCHSEPARATION": 0, "CONTROLLER": "cancer", "MATCHCOUNT": 24, "TIMESTAMP": "2018-02-24T17:39:55.891057"}