{
  "rectify_alpha": 1.0,
  "distortion_coefficients": [
    1,
    5,
    0.08394959470106546,
    -0.1397034320413411,
    -0.004230872201861269,
    -0.01769555993834596,
    -0.10989386514568258
  ],
  "camera_matrix": [
    3,
    3,
    1475.7028853735812,
    0.0,
    474.0324252902332,
    0.0,
    1372.3728490518415,
    229.43193179963606,
    0.0,
    0.0,
    1.0
  ]
}