{"CONTROLLER": "cancer", "MATCHCOUNT": 24, "CAMERAINDEX": 0, "MATCHSEPARATION": 2, "CAMERAMATRIX": [3, 3, 2243.8744274168657, 0.0, 624.6848067760234, 0.0, 2053.330699479605, 407.36164351298396, 0.0, 0.0, 1.0], "REPROJECTIONERROR": 0.17722964193733157, "ID": "d5a0a5fc4cd847e48abb76955b21c064", "DISTORTIONCOEFFICIENTS": [1, 5, 0.1356173996288212, 0.1802408515332989, -0.01054759800019266, 0.015545630464969434, 1.6839766474956266], "TIMESTAMP": "2018-02-06T19:16:56.095990"}