{
  "rectify_alpha": 1.0,
  "distortion_coefficients": [
    1,
    5,
    0.033634484561887334,
    -0.05658523516813461,
    0.01908094758322747,
    -0.00812679669561849,
    0.09543141031593824
  ],
  "camera_matrix": [
    3,
    3,
    1321.1052791886807,
    0.0,
    380.37751397108195,
    0.0,
    1219.8618992835704,
    250.60025035325947,
    0.0,
    0.0,
    1.0
  ]
}