{"CAMERAINDEX": 1, "TIMESTAMP": "2018-03-02T11:23:07.441641", "REPROJECTIONERROR": 0.10006311828022767, "CONTROLLER": "cancer", "ID": "740aaddf75644471b09c1619c46b0093", "MATCHSEPARATION": 0, "MATCHCOUNT": 24, "DISTORTIONCOEFFICIENTS": [1, 5, 2.7136963229012174, 200.15130807797004, 0.09216854720875571, -0.3086170158575339, -6715.2226692658105], "DATASET": ["75aeba9d-78b0-4c6f-ae51-b1b742801209", "b5f6b174-6515-466c-8daa-473ea8de99cb", "65fdd269-6b11-4909-90a8-1d3bfb800834", "190192c7-f24e-465c-90c7-07693910e87d", "e99ed89b-209c-4e50-87c7-f078e832064e", "f77c6554-9384-4cdb-9b11-acb729ace690", "cf5c63d5-ceef-4be9-8782-c51b2096f9eb", "2fd6b0ae-7ba1-4e8c-8160-047167461c1e", "4ab9deda-5a28-4281-b55f-ac6f4236cdb8", "cc4b54af-fd1c-4f38-a4cc-69b34d46aeba", "63493c38-0d4c-4a22-b190-5a711607e4f9", "7ee204ab-17a2-41a0-b866-97a5f9a64a6a", "3670ad7f-1954-4a7f-b510-3ebc77db74dd", "f166d646-d740-4a09-a832-2cfc9bdf3d43", "afd3d04b-490b-4bdd-a118-60d6307a2df2", "c2fd79a4-57bf-475d-8ba0-a6a6336b87ff", "50925ffe-1a94-4f82-868a-c4ad4dbe4874", "15795775-043f-4337-9e6a-db9c7346b6f0", "a5626f54-3df7-428c-b3f4-d429bf8f67e2", "0b45ebdf-d246-4357-8adb-c5bf38c989a9", "e3b6e5ef-9c36-4f4f-8520-a42621a5a621", "e75b1d6d-6f57-4eab-8de6-064b7013a147", "8250b4c6-ce8e-4f9c-ade2-4113a3d2f8bb", "08d48b8f-5b3f-4be9-b6c8-8dae96259f03"], "CAMERAMATRIX": [3, 3, 5987.118192154339, 0.0, 480.0, 0.0, 6026.249683606329, 640.0, 0.0, 0.0, 1.0]}