{
  "rectify_alpha": 1.0,
  "distortion_coefficients": [
    1,
    5,
    -0.3200665079678165,
    -0.2560287352388979,
    0.02729519852246858,
    0.03223917863389312,
    0.143085201506072
  ],
  "camera_matrix": [
    3,
    3,
    422.9398713685574,
    0.0,
    267.1777827833126,
    0.0,
    1118.0854536660756,
    243.26951860336234,
    0.0,
    0.0,
    1.0
  ]
}